id	name	sent
54065	Morgan	0.590143561998
54011	Cabell	0.579468245539
41001	Baker	0.71433197262
41003	Benton	0.57165879049
41005	Clackamas	0.524300520496
41007	Clatsop	0.50120779421
41009	Columbia	0.606259475288
41011	Coos	0.587222968654
41013	Crook	0
41015	Curry	0.479089051403
41017	Deschutes	0.592675850649
41019	Douglas	0.547975326673
41021	Gilliam	0
41027	Hood River	0.59957911689
41029	Jackson	0.530464317076
41031	Jefferson	0
41033	Josephine	0.578221675662
41035	Klamath	0.621962567892
41037	Lake	0
41039	Lane	0.561001391048
42011	Berks	0.548485930196
41041	Lincoln	0.612061565428
41043	Linn	0.546551466005
41045	Malheur	0.492145577664
41047	Marion	0.546049893083
46103	Pennington	0.569128459144
41049	Morrow	0
41051	Multnomah	0.535571513988
41053	Polk	0.530514865859
41055	Sherman	0
41057	Tillamook	0.547658002625
41059	Umatilla	0.504509091083
41061	Union	0.652151941027
41065	Wasco	0
41067	Washington	0.531452150404
13097	Douglas	0.530311661354
41071	Yamhill	0.56437763801
40045	Ellis	0.501362441901
6007	Butte	0.536847354581
33001	Belknap	0.539847800825
33003	Carroll	0.58042840631
33005	Cheshire	0.557357213346
33007	Coos	0.483271076755
33009	Grafton	0.524230193781
33011	Hillsborough	0.572253416933
33013	Merrimack	0.543357214876
33015	Rockingham	0.540960832491
54019	Fayette	0.548802377888
33017	Strafford	0.559723036383
33019	Sullivan	0.594117186945
13095	Dougherty	0.56704538601
56029	Park	0
54067	Nicholas	0.448303665262
30093	Silver Bow	0.505824291746
48245	Jefferson	0.551899702093
31111	Lincoln	0.551656166113
25001	Barnstable	0.57444427879
25003	Berkshire	0.571716116588
25005	Bristol	0.527563628421
25007	Dukes	0
25009	Essex	0.52910913025
25011	Franklin	0.497856912315
25013	Hampden	0.526385717288
25015	Hampshire	0.570338494293
25017	Middlesex	0.554578908242
25019	Nantucket	0
25021	Norfolk	0.544562602118
25023	Plymouth	0.534222766261
25025	Suffolk	0.573918468303
25027	Worcester	0.544596324362
19193	Woodbury	0.531442127318
21021	Boyle	0.590940642623
6059	Orange	0.576292568961
13111	Fannin	0
17203	Woodford	0.538413641152
6019	Fresno	0.563860440962
5107	Phillips	0
54029	Hancock	0.5201737165
21023	Bracken	0.628738672474
13113	Fayette	0.600859468035
54069	Ohio	0.563329907831
54031	Hardy	0.554001244131
17001	Adams	0.485935007522
17003	Alexander	0
17005	Bond	0.597373735967
17007	Boone	0.521632911413
17011	Bureau	0.564129561116
21025	Breathitt	0.558892003774
17015	Carroll	0
17017	Cass	0
17019	Champaign	0.567578976495
17021	Christian	0.561828154308
17023	Clark	0.659900906855
17025	Clay	0
17027	Clinton	0.495761621612
17029	Coles	0.57837971168
17031	Cook	0.573969435936
17033	Crawford	0.631161968167
17035	Cumberland	0
17037	DeKalb	0.590491237344
17039	De Witt	0.648014835002
17041	Douglas	0.470037460651
17043	DuPage	0.581438161845
31119	Madison	0.514671044639
17045	Edgar	0.677002804932
17047	Edwards	0
17049	Effingham	0.678711248675
17051	Fayette	0.750240541273
17053	Ford	0
17055	Franklin	0.625830539127
17057	Fulton	0
17059	Gallatin	0
17061	Greene	0
17063	Grundy	0.60005408248
17067	Hancock	0.549332372821
17073	Henry	0.508281032858
17075	Iroquois	0.486515331147
17077	Jackson	0.5261775441
17081	Jefferson	0.544971120135
17083	Jersey	0.649316003817
17085	Jo Daviess	0.673856171217
17089	Kane	0.548171679937
17091	Kankakee	0.574916013901
17093	Kendall	0.531958540223
17095	Knox	0.5734747495
17097	Lake	0.559818211371
17099	La Salle	0.4855267559
17101	Lawrence	0.512473062536
17103	Lee	0.483105849528
17105	Livingston	0.469720185425
17107	Logan	0.587737204819
17109	McDonough	0.549394772908
17111	McHenry	0.590590238631
54035	Jackson	0.509455532719
17113	McLean	0.530743080359
17115	Macon	0.599923860835
17117	Macoupin	0.485537551342
17119	Madison	0.529921307291
17121	Marion	0.521758772764
17125	Mason	0
17127	Massac	0
17129	Menard	0
17131	Mercer	0.579884252097
17133	Monroe	0.62201276511
17135	Montgomery	0.623775490551
17137	Morgan	0.459989676515
17139	Moultrie	0.561179467897
17141	Ogle	0.488214268384
17143	Peoria	0.541896391657
17145	Perry	0
17147	Piatt	0.518536526511
17149	Pike	0
17157	Randolph	0
17159	Richland	0.62478964897
17161	Rock Island	0.533818756062
17163	St. Clair	0.542897111189
17165	Saline	0.619493243189
17167	Sangamon	0.520390355422
17169	Schuyler	0
17171	Scott	0
54037	Jefferson	0.552407094578
17173	Shelby	0.549422255009
17175	Stark	0
17177	Stephenson	0.610632777781
17179	Tazewell	0.455252051992
17181	Union	0
17183	Vermilion	0.462986632009
17185	Wabash	0
17187	Warren	0.565528038515
17189	Washington	0
17191	Wayne	0
9001	Fairfield	0.550918849853
17195	Whiteside	0.484473696568
17197	Will	0.543739440492
17199	Williamson	0.589160052271
9009	New Haven	0.531783514476
9011	New London	0.550778012561
9013	Tolland	0.536214283754
9015	Windham	0.506623059268
48233	Hutchinson	0.308837348608
54039	Kanawha	0.558542684889
50001	Addison	0.611137404182
50003	Bennington	0.507680693737
50005	Caledonia	0.442391032651
50007	Chittenden	0.569965454613
50009	Essex	0
50011	Franklin	0.625111780916
50013	Grand Isle	0
50015	Lamoille	0.551591769526
50017	Orange	0
50019	Orleans	0
50021	Rutland	0.574088626579
50023	Washington	0.535605901651
50025	Windham	0.647394964878
50027	Windsor	0.609927733719
29219	Warren	0.666902557018
1123	Tallapoosa	0.519272085833
40131	Rogers	0.553008678667
1001	Autauga	0.536345584557
1003	Baldwin	0.55868295091
1005	Barbour	0.393343878204
1007	Bibb	0.679169740949
1009	Blount	0.511335767362
1011	Bullock	0.50864885191
1013	Butler	0.628194668009
1015	Calhoun	0.531129828264
1017	Chambers	0.497857068364
1019	Cherokee	0.60523283543
1021	Chilton	0.499562439756
1023	Choctaw	0.459137974831
1025	Clarke	0
1027	Clay	0.473034421996
1029	Cleburne	0.621056028109
1031	Coffee	0.578602407035
1033	Colbert	0.515722280241
1035	Conecuh	0.538648935085
1037	Coosa	0.600640134622
1039	Covington	0.374412764707
42001	Adams	0.557636177618
42003	Allegheny	0.550024768312
1045	Dale	0.52802159707
42007	Beaver	0.541487588215
42009	Bedford	0.545422698123
1051	Elmore	0.592236715795
42013	Blair	0.540808265553
1055	Etowah	0.494123624989
42017	Bucks	0.54725503316
1059	Franklin	0.545481121848
1061	Geneva	0.458889478289
1063	Greene	0.444486652017
42025	Carbon	0.483406768803
42027	Centre	0.554141660818
42029	Chester	0.553782295877
13129	Gordon	0.4216143357
42031	Clarion	0.522727972582
1073	Jefferson	0.541407112127
42035	Clinton	0.526331163012
42037	Columbia	0.562581089567
42039	Crawford	0.480372494057
42041	Cumberland	0.580793789265
42043	Dauphin	0.566890045691
42045	Delaware	0.552473213304
40135	Sequoyah	0.630049807525
1087	Macon	0.474625324134
1089	Madison	0.556976100997
1091	Marengo	0
1093	Marion	0.435855929669
1095	Marshall	0.610355031514
1097	Mobile	0.542649928394
42059	Greene	0.511278563584
42061	Huntingdon	0.490118824564
1103	Morgan	0.512380498081
42065	Jefferson	0.623704325281
42067	Juniata	0.626348582869
42069	Lackawanna	0.580815610732
1111	Randolph	0.502441209885
42073	Lawrence	0.545281227554
1115	St. Clair	0.518383758124
1117	Shelby	0.591276421455
42079	Luzerne	0.565176468442
1121	Talladega	0.568186804747
42083	McKean	0.555526229974
42085	Mercer	0.530947233181
1127	Walker	0.52181300805
42089	Monroe	0.532411230121
42091	Montgomery	0.55815295068
42093	Montour	0
42095	Northampton	0.542636536302
42097	Northumberland	0.519522540983
42099	Perry	0.404423603187
42101	Philadelphia	0.550566996562
42103	Pike	0.499469919528
42105	Potter	0
42107	Schuylkill	0.518633144725
42109	Snyder	0.494415333693
42111	Somerset	0.569434905479
42115	Susquehanna	0.573509990234
42117	Tioga	0.460168857146
42119	Union	0.679760561195
42121	Venango	0.508040170676
42123	Warren	0.598428167501
42125	Washington	0.517781708085
42127	Wayne	0.562407799493
42129	Westmoreland	0.550183166043
42131	Wyoming	0.516053168503
42133	York	0.54856309728
22043	Grant	0.552712834517
40139	Texas	0.486496466249
34001	Atlantic	0.563487914506
34003	Bergen	0.553987158133
34005	Burlington	0.56118765793
34007	Camden	0.547108023785
34009	Cape May	0.535893510608
34011	Cumberland	0.538336492662
34013	Essex	0.562731969783
34015	Gloucester	0.54809893786
34017	Hudson	0.585074094731
34019	Hunterdon	0.517906345883
34021	Mercer	0.532536726471
34023	Middlesex	0.558396093907
34025	Monmouth	0.549652313359
34027	Morris	0.593594551836
34029	Ocean	0.55223039471
34031	Passaic	0.532967817334
34033	Salem	0.539485785723
34035	Somerset	0.563260036916
34037	Sussex	0.519544055907
34039	Union	0.530979636161
34041	Warren	0.539254880825
48251	Johnson	0.575927850375
48127	Dimmit	0.506869506591
32033	White Pine	0
6045	Mendocino	0.57776479597
48007	Aransas	0
40143	Tulsa	0.5567174727
6047	Merced	0.522868514992
40145	Wagoner	0.52463311184
48019	Bandera	0.414453937497
48329	Midland	0.509362915324
6065	Riverside	0.555706201092
26002	Agua Prieta, Sonora	0
26003	Alamos, Sonora	0
26005	Allegan	0.607843260724
26007	Alpena	0.581326683139
26009	Antrim	0
26011	Arenac	0.430784312668
26013	Banamichi, Sonora	0
26015	Barry	0.579078411519
26017	Bay	0.538735665142
26018	Cajeme, Sonora	0.578068692791
26019	Cananea, Sonora	0.623645432832
26021	Berrien	0.535083173547
26023	Branch	0.552169975567
26025	Calhoun	0.534717084216
26027	Cass	0.574296458986
26028	Granados, Sonora	0
26029	Guaymas, Sonora	0.556646907295
26030	Hermosillo, Sonora	0.55430318957
26031	Cheboygan	0
26033	Chippewa	0.599823491023
26035	Clare	0.493036783166
26036	Magdalena, Sonora	0.550595197208
26037	Clinton	0.591809075918
26038	Moctezuma, Sonora	0
26039	Crawford	0
26041	Delta	0.580342471435
26042	Navojoa, Sonora	0.631831928156
26043	Nogales, Sonora	0.562399608426
26045	Eaton	0.532181135592
26047	Emmet	0.500930614473
26048	Puerto Penasco, Sonora	0
26049	Genesee	0.536674232038
22091	St. Helena	0.509730881282
26053	Gogebic	0.597416130274
26055	San Luis Rio Colorado, Sonora	0.496042306245
26057	Gratiot	0.48316146636
26058	Santa Ana, Sonora	0.561213265465
26059	Hillsdale	0.504964403553
26061	Houghton	0.60161692638
26063	Huron	0.64256218972
26065	Ingham	0.561261894339
26066	Ures, Sonora	0
26067	Ionia	0.50382914259
26069	Iosco	0.577949677627
26073	Isabella	0.53692688486
26075	Jackson	0.513087045076
26077	Kalamazoo	0.541237599736
26079	Kalkaska	0
26081	Kent	0.541238336489
40149	Washita	0
26085	Lake	0
26087	Lapeer	0.522400676705
26089	Leelanau	0.665995566439
26091	Lenawee	0.515208764899
26093	Livingston	0.54773431622
26095	Luce	0
26097	Mackinac	0.396049424654
26099	Macomb	0.533838392021
26101	Manistee	0.626440427118
26103	Marquette	0.486944995938
26105	Mason	0.536688680171
26107	Mecosta	0.537442318082
26109	Menominee	0.55286935319
26111	Midland	0.610716552212
26113	Missaukee	0
26115	Monroe	0.543147635148
26117	Montcalm	0.674780452607
26119	Montmorency	0
26121	Muskegon	0.542558868249
26123	Newaygo	0.624679042315
26125	Oakland	0.568723151809
26127	Oceana	0.584084998064
26129	Ogemaw	0.499475045681
26133	Osceola	0.315718459689
26137	Otsego	0
26139	Ottawa	0.549227820892
26141	Presque Isle	0
40151	Woods	0.426890749169
26143	Roscommon	0.576153062884
26145	Saginaw	0.593467801454
26147	St. Clair	0.550351922181
26149	St. Joseph	0.558011706994
26151	Sanilac	0.521256323417
26153	Schoolcraft	0.525831149174
26155	Shiawassee	0.49608838367
26157	Tuscola	0.504062287034
26159	Van Buren	0.53037294453
26161	Washtenaw	0.553845658859
26163	Wayne	0.535068407831
26165	Wexford	0.411687667008
13147	Hart	0.506349334698
18001	Adams	0.63435160658
18003	Allen	0.547200975192
18005	Bartholomew	0.580884474723
18009	Blackford	0.536558991289
18011	Boone	0.484012657639
18013	Brown	0
18015	Carroll	0
18017	Cass	0.523499780045
18019	Clark	0.563868260081
18021	Clay	0.588068753106
18023	Clinton	0.509493862736
18025	Crawford	0
18027	Daviess	0.565188567551
18029	Dearborn	0.534415028616
18031	Decatur	0.519255700523
18033	DeKalb	0.619311665641
18035	Delaware	0.558455563573
18037	Dubois	0.673220066197
18039	Elkhart	0.546991189211
18041	Fayette	0
18043	Floyd	0.525342408181
18045	Fountain	0.521543588852
18047	Franklin	0.561812481321
18049	Fulton	0.445409438106
18051	Gibson	0.655177717951
18053	Grant	0.528510973711
18055	Greene	0.588380261838
18057	Hamilton	0.56040537276
18059	Hancock	0.566373587216
18061	Harrison	0.534681603305
18063	Hendricks	0.564557048751
18065	Henry	0.484740921828
18067	Howard	0.573075022739
18069	Huntington	0.574726114082
18071	Jackson	0.539412328421
18073	Jasper	0.599251423532
18075	Jay	0.552404740325
18077	Jefferson	0.566703481616
18079	Jennings	0.551424197244
18081	Johnson	0.563576252883
18083	Knox	0.438693119033
18085	Kosciusko	0.552773549012
48339	Montgomery	0.560331287809
18087	LaGrange	0.528757264211
18089	Lake	0.51861582592
18091	LaPorte	0.488562008991
18093	Lawrence	0.550636098888
18095	Madison	0.557343965719
18097	Marion	0.550165100691
18099	Marshall	0.559040217033
18101	Martin	0
18103	Miami	0.524502789487
18105	Monroe	0.564521985982
18107	Montgomery	0.535793286248
18109	Morgan	0.46348424801
48067	Cass	0
18111	Newton	0.54756332526
18113	Noble	0.491442104496
18117	Orange	0.606178390206
18119	Owen	0.693722388853
18121	Parke	0
18123	Perry	0
18125	Pike	0
18127	Porter	0.548923306334
18129	Posey	0.422907714405
18131	Pulaski	0
18133	Putnam	0.656424318987
18135	Randolph	0.588569015248
18137	Ripley	0.56247231305
18139	Rush	0
18141	St. Joseph	0.536457014062
18143	Scott	0.493973978751
18145	Shelby	0.502965023666
18147	Spencer	0
18149	Starke	0
18151	Steuben	0.480695358765
18153	Sullivan	0.693872071047
18155	Switzerland	0
18157	Tippecanoe	0.570469678093
18159	Tipton	0.682916709029
18161	Union	0
18163	Vanderburgh	0.526762691095
18165	Vermillion	0
18167	Vigo	0.570316531015
18169	Wabash	0.517096495657
18171	Warren	0
18173	Warrick	0.489913556067
18175	Washington	0.587584909376
18177	Wayne	0.563824384161
18179	Wells	0.598634853332
18181	White	0.573064541636
18183	Whitley	0.593359152729
10001	Kent	0.52589801772
10003	New Castle	0.533083764038
10005	Sussex	0.541142655658
48091	Comal	0.610657285344
51001	Accomack	0.472093059285
51003	Albemarle	0.572086842588
51005	Alleghany	0.394616997899
51007	Amelia	0.671423188371
51009	Amherst	0.568758387395
51011	Appomattox	0.506805422385
51013	Arlington	0.576897522066
51015	Augusta	0.52197630492
51017	Bath	0
51019	Bedford	0.56527167005
51023	Botetourt	0.425559226735
51025	Brunswick	0.490560789472
51027	Buchanan	0.671273501984
51029	Buckingham	0.421313785906
51031	Campbell	0.547337627359
51033	Caroline	0.581001555031
51035	Carroll	0.501673609259
51036	Charles City	0
51037	Charlotte	0
51041	Chesterfield	0.528205172349
51043	Clarke	0.460877653294
51045	Craig	0
51047	Culpeper	0.579074033692
51051	Dickenson	0
39071	Highland	0.540070204983
51053	Dinwiddie	0.559818309789
6069	San Benito	0.458031673738
51057	Essex	0.443487682753
51059	Fairfax	0.567439152307
51061	Fauquier	0.488684959964
51063	Floyd	0.502356267444
51065	Fluvanna	0.539104698877
51067	Franklin	0.534951448462
51069	Frederick	0.533039789238
51071	Giles	0.483181707353
51073	Gloucester	0.500527172031
51075	Goochland	0.562558758638
51077	Grayson	0.454512971602
51079	Greene	0.414105736114
51081	Greensville	0.515590075807
51083	Halifax	0.561715083026
51085	Hanover	0.556735833243
51087	Henrico	0.546276235674
51089	Henry	0.525140517536
51091	Highland	0
51093	Isle of Wight	0.561369849379
51095	James City	0.489573921769
51097	King and Queen	0
51099	King George	0.329277352311
51101	King William	0.527349225795
51103	Lancaster	0.398580145369
51105	Lee	0.530206536943
51107	Loudoun	0.549812562349
51109	Louisa	0.500809637712
51111	Lunenburg	0.459117289268
51113	Madison	0.497469072441
51115	Mathews	0.757743131552
51117	Mecklenburg	0.520896597052
51119	Middlesex	0
51121	Montgomery	0.584478889908
51125	Nelson	0.59323391502
51127	New Kent	0.438150779358
51131	Northampton	0.603814117039
51133	Northumberland	0.549823291411
51135	Nottoway	0.582347387455
51137	Orange	0.635656845618
51139	Page	0.548950981021
51141	Patrick	0.524349766017
51143	Pittsylvania	0.460753252104
51145	Powhatan	0.501884097301
51147	Prince Edward	0.544226305229
51149	Prince George	0.51082395872
37197	Yadkin	0.599509036492
51153	Prince William	0.535844838828
2002	Mexicali, Baja California	0.586509438798
2003	Tecate, Baja California	0
2004	Tijuana, Baja California	0.599946708114
2005	Playas de Rosarito, Baja California	0
51159	Richmond	0.5244181555
51161	Roanoke	0.549112501882
51163	Rockbridge	0.562702121044
51165	Rockingham	0.531899892956
51167	Russell	0
51169	Scott	0.567727013788
51171	Shenandoah	0.57468035094
51173	Smyth	0.542224807314
51175	Southampton	0.408827344287
51177	Spotsylvania	0.570135092867
51179	Stafford	0.553104415287
51181	Surry	0
51183	Sussex	0
51185	Tazewell	0.577676436695
51187	Warren	0.555981265399
51191	Washington	0.598663904305
51193	Westmoreland	0.50153958165
51195	Wise	0.574280873828
51197	Wythe	0.503447364995
51199	York	0.507316715478
6073	San Diego	0.586376292312
35001	Bernalillo	0.567005849018
35005	Chaves	0.574439027073
35006	Cibola	0.575371149472
35007	Colfax	0
35009	Curry	0.523923908654
35013	Dona Ana	0.520494090364
35015	Eddy	0.490094938857
35017	Grant	0.398824508198
35023	Hidalgo	0
35025	Lea	0.552319593284
35027	Lincoln	0
35028	Los Alamos	0
35029	Luna	0.396507067147
35031	McKinley	0.714982648994
35035	Otero	0.511199435483
35037	Quay	0
35039	Rio Arriba	0.448430494731
35041	Roosevelt	0.52677266227
35043	Sandoval	0.518509635097
35045	San Juan	0.470784905105
35047	San Miguel	0.500568047505
35049	Santa Fe	0.499301291721
35051	Sierra	0
35053	Socorro	0
35055	Taos	0.486687547481
35057	Torrance	0
54087	Roane	0.749110181604
35059	Union	0
35061	Valencia	0.458100070912
6079	San Luis Obispo	0.585263356116
51510	Alexandria	0.620811324768
51520	Bristol	0.48845161689
39087	Lawrence	0.576539853424
51550	Chesapeake	0.550276357812
54091	Taylor	0.422812323107
55015	Calumet	0.730027810096
27001	Aitkin	0
27003	Anoka	0.535019014349
51580	Covington	0.521267927769
27005	Becker	0.404228449802
27007	Beltrami	0
27009	Benton	0.526282853823
27011	Big Stone	0
27013	Blue Earth	0.557133055769
51590	Danville	0.510661591823
27015	Brown	0.544539361312
27017	Carlton	0.672988312037
27019	Carver	0.568492692109
27021	Cass	0
27023	Chippewa	0.542197918349
27025	Chisago	0.459434968779
27027	Clay	0.539655620482
27035	Crow Wing	0.608934346921
27037	Dakota	0.573379167401
27039	Dodge	0
27041	Douglas	0.528071561727
27043	Faribault	0
51620	Franklin	0
27045	Fillmore	0.537981092921
27047	Freeborn	0.548502568586
27049	Goodhue	0.591425404222
27051	Grant	0
27053	Hennepin	0.575210008764
51630	Fredericksburg	0.435104957639
27055	Houston	0.488047228621
27057	Hubbard	0
27059	Isanti	0.518829459921
27061	Itasca	0.576125825933
27063	Jackson	0.637057413674
27065	Kanabec	0
27067	Kandiyohi	0.601576389263
27073	Lac qui Parle	0
51650	Hampton	0.542232472301
48203	Harrison	0.482425678285
27079	Le Sueur	0.480727682442
27081	Lincoln	0
27083	Lyon	0.593619394823
27085	McLeod	0.610664926499
40013	Bryan	0.551335847074
27089	Marshall	0
27091	Martin	0
27093	Meeker	0.734009568472
51670	Hopewell	0.50829764798
27095	Mille Lacs	0.470074818709
27097	Morrison	0.659699426263
27099	Mower	0.560279945884
27103	Nicollet	0.461479323602
51680	Lynchburg	0.531785447089
27105	Nobles	0.596310653145
27109	Olmsted	0.627166671546
27111	Otter Tail	0.620307540722
27113	Pennington	0
27115	Pine	0.684955279727
27117	Pipestone	0
27119	Polk	0
27123	Ramsey	0.577869525439
51700	Newport News	0.508700875521
27127	Redwood	0
27129	Renville	0
27131	Rice	0.609563290323
27133	Rock	0.569861801736
51710	Norfolk	0.537774540404
40021	Cherokee	0.529679445819
27137	St. Louis	0.575743651245
27139	Scott	0.557290937927
27141	Sherburne	0.535402395762
27143	Sibley	0.569684862373
27145	Stearns	0.557135989373
27147	Steele	0.554016464658
27149	Stevens	0.460218910885
27151	Swift	0
51730	Petersburg	0.462104574942
27155	Traverse	0
27157	Wabasha	0.596095565468
51735	Poquoson	0.418822818615
27161	Waseca	0
27163	Washington	0.53473289912
51740	Portsmouth	0.524151815999
27165	Watonwan	0.266660567252
27167	Wilkin	0
27169	Winona	0.490977102536
27171	Wright	0.514188428301
27173	Yellow Medicine	0
40029	Coal	0
51760	Richmond	0.565164798153
19001	Adair	0
48223	Hopkins	0.493372659431
19005	Anahuac, Nuevo Leun	0
19007	Appanoose	0
19009	Audubon	0
19011	Benton	0.614401281658
19013	Black Hawk	0.549348855459
19015	Boone	0.524468184434
19017	Bremer	0.565471046884
19019	Buchanan	0.511030533775
19021	Buena Vista	0
51790	Staunton	0.584840028022
19023	Butler	0
19025	Calhoun	0.565793456261
40035	Craig	0.578266987544
19029	Cass	0.636361718421
19031	Cedar	0.526174360921
51800	Suffolk	0.555080272841
19033	Cerro Gordo	0.4900964334
19035	Cherokee	0
19037	Chickasaw	0
40037	Creek	0.585526062156
19041	Clay	0.670645442758
51810	Virginia Beach	0.540587062609
19044	Sabinas Hidalgo, Nuevo Leun	0
19045	Clinton	0.473308988589
19046	San Nicolas de los Garza, Nuevo Leun	0
19047	Crawford	0
19049	Dallas	0.520111653275
48231	Hunt	0.527719188629
51820	Waynesboro	0.5393240232
19053	Decatur	0.59031394465
19055	Delaware	0
19057	Des Moines	0.519294924585
19059	Dickinson	0.816935864273
19061	Dubuque	0.581662246911
51830	Williamsburg	0.586048269531
19063	Emmet	0.402750593231
19065	Fayette	0.602559791699
19067	Floyd	0.560667079147
19069	Franklin	0.514582807335
19071	Fremont	0
19073	Greene	0.58708718503
19075	Grundy	0
19077	Guthrie	0
19079	Hamilton	0.41092197174
19081	Hancock	0.609698737967
19083	Hardin	0.500247455624
19085	Harrison	0
19087	Henry	0.537548953226
19091	Humboldt	0
19093	Ida	0
19095	Iowa	0.604417991192
19097	Jackson	0.488814977867
19099	Jasper	0
19103	Johnson	0.569339359562
19105	Jones	0.519697831753
19107	Keokuk	0
19109	Kossuth	0
48241	Jasper	0.429724204213
19113	Linn	0.566054367316
19115	Louisa	0.473999142594
19117	Lucas	0
19119	Lyon	0
19121	Madison	0.667912017138
19123	Mahaska	0.46750768251
19125	Marion	0.431012217657
19127	Marshall	0.468986022135
19129	Mills	0
19133	Monona	0.551995158521
19135	Monroe	0.476052541034
19137	Montgomery	0
2001	Ensenada, Baja California	0.503943553478
19139	Muscatine	0.529008909831
19141	O'Brien	0
19145	Page	0
19147	Palo Alto	0
19149	Plymouth	0.565411334052
19153	Polk	0.557283282329
19155	Pottawattamie	0.519149368326
19157	Poweshiek	0.435248688296
19159	Ringgold	0
19161	Sac	0
19163	Scott	0.550564633919
19165	Shelby	0.531326026147
19167	Sioux	0.531902728351
19169	Story	0.532723580932
19171	Tama	0.47512918105
19173	Taylor	0
19175	Union	0.505577590039
19179	Wapello	0.45352464827
19181	Warren	0.606793580539
19183	Washington	0.769157357974
19185	Wayne	0
19187	Webster	0.534929211939
19189	Winnebago	0
19191	Winneshiek	0.512895138117
11001	District of Columbia	0.587560031532
19195	Worth	0
19197	Wright	0.590253202363
48257	Kaufman	0.550607406837
48259	Kendall	0.577313043035
55087	Outagamie	0.582452327559
37193	Wilkes	0.576803523833
40069	Johnston	0.443221875467
40073	Kingfisher	0.650578769062
6097	Sonoma	0.572901612846
40075	Kiowa	0.587261810257
55095	Polk	0
47015	Cannon	0
37195	Wilson	0.550261297066
48273	Kleberg	0.495519566015
40083	Logan	0.561741430349
48277	Lamar	0.527189087609
40087	McClain	0.589329773767
47017	Carroll	0.486215379194
40089	McCurtain	0.574031072799
48283	La Salle	0.494917257832
55111	Sauk	0.581060239704
40047	Garfield	0.602162564208
3002	Mulege, Baja California Sur	0
48287	Lee	0.550308587136
3008	Los Cabos, Baja California Sur	0
3009	Loreto, Baja California Sur	0
48289	Leon	0.58777968905
37199	Yancey	0.67536080812
48291	Liberty	0.48712440179
48293	Limestone	0.525937149204
44001	Bristol	0.519942320323
44003	Kent	0.508694506805
44005	Newport	0.581104664139
44007	Providence	0.541536191434
44009	Washington	0.544201363249
40105	Nowata	0.493889202972
48299	Llano	0.640538261915
1057	Fayette	0
55131	Washington	0.484548585974
55135	Waupaca	0.486783061588
48309	McLennan	0.575787209085
29195	Saline	0.591920112422
40119	Payne	0.581475946303
48303	Lubbock	0.580995586845
48313	Madison	0.545574554764
40123	Pontotoc	0.605533748128
29201	Scott	0.563299705418
40125	Pottawatomie	0.558069215595
21011	Bath	0.629658497921
21013	Bell	0.482481475526
48321	Matagorda	0.511863847863
21015	Boone	0.546661542551
6077	San Joaquin	0.524552895475
29209	Stone	0
40133	Seminole	0.440160464939
32023	Nye	0
36001	Albany	0.546389208572
36003	Allegany	0.502607592826
36005	Bronx	0.562376565444
36007	Broome	0.521655416898
36009	Cattaraugus	0.586273699849
36011	Cayuga	0.511635510412
36013	Chautauqua	0.540473934217
36015	Chemung	0.513392178842
36017	Chenango	0.625851894988
36019	Clinton	0.523230217042
36021	Columbia	0.5592229138
36023	Cortland	0.546128490174
36025	Delaware	0.60737889518
36027	Dutchess	0.547323965362
36029	Erie	0.547883128733
36031	Essex	0.67913023642
48391	Refugio	0.509635264985
36033	Franklin	0.550753138131
36035	Fulton	0.499950240144
36037	Genesee	0.612777773764
36039	Greene	0.603223581178
36041	Hamilton	0
36043	Herkimer	0.46014770627
36045	Jefferson	0.512246233741
36047	Kings	0.609663462518
36051	Livingston	0.512931030516
36053	Madison	0.593382533118
36055	Monroe	0.529026861092
36057	Montgomery	0.566406183431
36059	Nassau	0.557133844108
36061	New York	0.63885522404
36063	Niagara	0.54564026283
36065	Oneida	0.560464023621
36067	Onondaga	0.546455700756
36069	Ontario	0.555973129476
6111	Ventura	0.585634163074
36071	Orange	0.546793217969
36073	Orleans	0.490251260131
36075	Oswego	0.501773448689
36077	Otsego	0.488081112482
36079	Putnam	0.611989709246
36081	Queens	0.583957575788
36083	Rensselaer	0.551849783712
36085	Richmond	0.557774596989
36087	Rockland	0.541547920089
36089	St. Lawrence	0.522642508595
36091	Saratoga	0.559646667906
36093	Schenectady	0.572482137957
36095	Schoharie	0.571469583473
36097	Schuyler	0
36099	Seneca	0.557059231607
36101	Steuben	0.553023355139
36103	Suffolk	0.543130972786
36105	Sullivan	0.538084817178
36107	Tioga	0.531554420334
36109	Tompkins	0.526508799887
36111	Ulster	0.592885503035
36113	Warren	0.503329542483
36115	Washington	0.467473777155
36117	Wayne	0.486101437052
36119	Westchester	0.545607563508
36121	Wyoming	0.692056076102
36123	Yates	0.638966146964
47031	Coffee	0.568404553969
12115	Sarasota	0.592067143591
5023	Cleburne	0
6031	Kings	0.524760773983
28001	Adams	0.527377953253
28003	Alcorn	0.561295201154
28005	Amite	0
28007	Attala	0.511019333296
28011	Bolivar	0.508701139797
28013	Calhoun	0
28014	Guerrero, Tamaulipas	0
28015	Carroll	0
28017	Chickasaw	0.456975508184
28019	Choctaw	0
48397	Rockwall	0.568033448694
28021	Claiborne	0.529112747158
28022	Matamoros, Tamaulipas	0
28023	Clarke	0.540900275335
28025	Clay	0.495273680033
28027	Nuevo Laredo, Tamaulipas	0.53574642629
28029	Copiah	0.455286902879
28031	Covington	0.405544901031
28032	Reynosa, Tamaulipas	0.541791892674
28033	DeSoto	0.555161096729
28035	Forrest	0.508958280497
28039	George	0
28041	Greene	0
28043	Grenada	0
28045	Hancock	0.527155238334
28047	Harrison	0.513102437344
32031	Washoe	0.554191082136
28049	Hinds	0.531305761207
28051	Holmes	0.424135542659
28053	Humphreys	0
47001	Anderson	0.579167437952
28057	Itawamba	0.520471727672
28059	Jackson	0.506991853295
28061	Jasper	0.674347570974
28063	Jefferson	0.47918901362
28065	Jefferson Davis	0.465143829029
6043	Mariposa	0
28069	Kemper	0.521329010549
28071	Lafayette	0.586640931344
28073	Lamar	0.555681073103
28075	Lauderdale	0.488519536223
28077	Lawrence	0.505828972489
28079	Leake	0
28081	Lee	0.528260756257
28083	Leflore	0.630162895685
28085	Lincoln	0.489772253015
28087	Lowndes	0.490053931972
28089	Madison	0.586584894065
28091	Marion	0.369320199182
28093	Marshall	0
28095	Monroe	0.467214236175
28097	Montgomery	0.515300578622
28099	Neshoba	0.592405201911
28101	Newton	0.514506112882
28103	Noxubee	0.53026419856
28105	Oktibbeha	0.535247741835
28107	Panola	0.788987387042
28109	Pearl River	0.521130684837
28111	Perry	0
28113	Pike	0.518626381691
28115	Pontotoc	0.735581562302
28117	Prentiss	0.41929773343
28121	Rankin	0.539533075772
28123	Scott	0
28125	Sharkey	0
28127	Simpson	0.570170165166
28129	Smith	0
28131	Stone	0.557906871774
28133	Sunflower	0
28135	Tallahatchie	0.480923354894
28137	Tate	0.616150764456
28139	Tippah	0
28141	Tishomingo	0.653507189171
28143	Tunica	0.457679498705
28145	Union	0.644713879265
28149	Warren	0.625151353482
28151	Washington	0.547023984032
28153	Wayne	0
28155	Webster	0
28159	Winston	0
28161	Yalobusha	0.459193042876
28163	Yazoo	0
32001	Churchill	0.458266703385
6061	Placer	0.543960403086
32003	Clark	0.587122441684
47023	Chester	0.616472507874
32005	Douglas	0.495439497991
20001	Allen	0.522137367486
20003	Anderson	0.563461278405
20005	Atchison	0.576206162008
20007	Barber	0
20009	Barton	0.584986987014
20011	Bourbon	0.470167280724
20015	Butler	0.545925869841
20017	Chase	0
6067	Sacramento	0.564732043729
20021	Cherokee	0.390374729016
20027	Clay	0
20029	Cloud	0.52184331269
20031	Coffey	0.421847412388
20033	Comanche	0
20035	Cowley	0.537386503371
20037	Crawford	0.545225722174
20041	Dickinson	0.696953087586
20043	Doniphan	0.539071709293
20045	Douglas	0.55216508479
20047	Edwards	0
20051	Ellis	0.558271942434
20053	Ellsworth	0.540352722498
20055	Finney	0.525258232778
20057	Ford	0.481091714471
20059	Franklin	0.553111725625
20061	Geary	0.510945320343
47041	DeKalb	0.571373997756
20067	Grant	0.633031524358
20073	Greenwood	0
20075	Hamilton	0
20079	Harvey	0.556456250816
48403	Sabine	0
20085	Jackson	0
20087	Jefferson	0
20089	Jewell	0.464570993991
20091	Johnson	0.583862344012
20093	Kearny	0
20095	Kingman	0
20097	Kiowa	0
20099	Labette	0.555093006991
20103	Leavenworth	0.486054234403
20105	Lincoln	0
20107	Linn	0
20111	Lyon	0.560050257308
20113	McPherson	0.660242489311
20115	Marion	0.574567994621
20117	Marshall	0
20121	Miami	0.709052299609
20123	Mitchell	0
20125	Montgomery	0.595698675692
47043	Dickson	0.514464642672
6085	Santa Clara	0.578644915856
42033	Clearfield	0.52414494039
20133	Neosho	0.50732412579
20137	Norton	0
6087	Santa Cruz	0.550726877366
20143	Ottawa	0
20145	Pawnee	0.543341207182
20149	Pottawatomie	0
20151	Pratt	0.443490770092
20155	Reno	0.575916386762
20157	Republic	0.631493339104
20159	Rice	0.540122077527
20161	Riley	0.549293702441
20163	Rooks	0
20165	Rush	0
20167	Russell	0
20169	Saline	0.521351533131
20171	Scott	0
20173	Sedgwick	0.551319031298
20175	Seward	0.532060173759
20177	Shawnee	0.628338151088
20179	Sheridan	0
20181	Sherman	0
20183	Smith	0
20185	Stafford	0
6095	Solano	0.535106470862
20189	Stevens	0.453755328509
20191	Sumner	0.497552548547
12001	Alachua	0.577483481605
12003	Baker	0.510007336566
12005	Bay	0.526176970286
12007	Bradford	0.552525800485
12009	Brevard	0.553256300731
12011	Broward	0.572857897199
20205	Wilson	0
12015	Charlotte	0.526738277145
12017	Citrus	0.539477149392
12019	Clay	0.512932853173
12021	Collier	0.570230576188
12023	Columbia	0.497794570329
12027	DeSoto	0.695886218654
12031	Duval	0.557713549993
12033	Escambia	0.510492586155
12035	Flagler	0.444651321006
12037	Franklin	0
12039	Gadsden	0.476881230099
53001	Adams	0.590166067742
12043	Glades	0.286216891606
53005	Benton	0.563329451503
12047	Hamilton	0.459857698911
12049	Hardee	0.44867124151
12051	Hendry	0.397076358857
12053	Hernando	0.624660615249
53015	Cowlitz	0.5283966879
12057	Hillsborough	0.560767545657
12059	Holmes	0.556285444264
12061	Indian River	0.534141253637
12063	Jackson	0.539830322089
12065	Jefferson	0.592632804139
53027	Grays Harbor	0.495294741392
12069	Lake	0.532587633845
12071	Lee	0.569101535022
12073	Leon	0.571616442283
53035	Kitsap	0.554575714241
53037	Kittitas	0.580254555063
12079	Madison	0
53041	Lewis	0.541804719463
12083	Marion	0.558705234707
12085	Martin	0.517734080937
12086	Miami-Dade	0.589664040285
12087	Monroe	0
12089	Nassau	0.518506053756
12091	Okaloosa	0.569782224975
53053	Pierce	0.538205542467
12095	Orange	0.587197960371
53057	Skagit	0.670122233975
53059	Skamania	0
12101	Pasco	0.524897350173
53063	Spokane	0.578274271515
13283	Treutlen	0.652612883381
12105	Polk	0.566334935953
53067	Thurston	0.517071693072
12109	St. Johns	0.584084595642
12111	St. Lucie	0.531340264456
12113	Santa Rosa	0.538367910621
53075	Whitman	0.5562384048
53077	Yakima	0.497754002269
12119	Sumter	0.616648143412
12121	Suwannee	0.512320807337
12123	Taylor	0.475103747576
12125	Union	0.407253569897
12127	Volusia	0.540594290979
12129	Wakulla	0
12131	Walton	0.650200968587
12133	Washington	0.506041326527
13225	Peach	0.538772506284
8043	Fremont	0
47051	Franklin	0.49125307009
4001	Apache	0.535056420387
4003	Cochise	0.541288827344
4005	Coconino	0.528267136527
4007	Gila	0.699215518597
4009	Graham	0.521212475397
4011	Greenlee	0
4012	La Paz	0.652673688264
4013	Maricopa	0.575856343113
4015	Mohave	0.557501753201
4017	Navajo	0.605553614156
4019	Pima	0.542174063295
4021	Pinal	0.5446185074
4023	Santa Cruz	0.653100672996
4025	Yavapai	0.562896545801
4027	Yuma	0.563426178264
47093	Knox	0.565864842668
8045	Garfield	0.542066650958
45001	Abbeville	0.509004496239
47053	Gibson	0.537740014717
45003	Aiken	0.548693002102
45005	Allendale	0.621590270884
45007	Anderson	0.556623264773
45009	Bamberg	0.441866554267
45011	Barnwell	0.509868363641
45013	Beaufort	0.570633250793
45015	Berkeley	0.527248137987
45017	Calhoun	0
45019	Charleston	0.519487542495
45021	Cherokee	0.531712292137
45023	Chester	0.494600445552
45025	Chesterfield	0.566288126849
45027	Clarendon	0.462902204784
45029	Colleton	0.54472570676
45031	Darlington	0.517628892652
45033	Dillon	0.555753757722
45035	Dorchester	0.530867062853
45037	Edgefield	0.497869842523
45039	Fairfield	0.711193475747
45041	Florence	0.537879815816
45043	Georgetown	0.460164982206
45045	Greenville	0.549840208868
45047	Greenwood	0.532698781976
45049	Hampton	0.666752555003
45051	Horry	0.527209601733
45053	Jasper	0.532126780705
45055	Kershaw	0.454528987345
45057	Lancaster	0.540116277352
45059	Laurens	0.552429762106
45061	Lee	0.791687485766
45063	Lexington	0.543459411683
45065	McCormick	0.362755150654
45067	Marion	0.447070409592
45069	Marlboro	0.537213309728
45071	Newberry	0.55503649674
45073	Oconee	0.50920063003
45075	Orangeburg	0.500684489711
45077	Pickens	0.574701501135
45079	Richland	0.548739560709
45081	Saluda	0.598563369598
45083	Spartanburg	0.545667788097
45085	Sumter	0.497060475857
45087	Union	0.443972690024
45089	Williamsburg	0.544685678224
45091	York	0.549795729287
48255	Karnes	0.496169349197
39147	Seneca	0.511463300455
47119	Maury	0.496985853358
55075	Marinette	0.566971173874
8051	Gunnison	0.592935060457
47059	Greene	0.539600249323
37001	Alamance	0.491155856474
37003	Alexander	0.656676808347
37005	Alleghany	0
37007	Anson	0
37009	Ashe	0
37011	Avery	0.647652609338
37013	Beaufort	0.535795066882
37015	Bertie	0.538356315642
37017	Bladen	0.569444272409
37019	Brunswick	0.601679679626
37021	Buncombe	0.58003816843
37023	Burke	0.551285113596
37025	Cabarrus	0.564974020772
37027	Caldwell	0.601459534229
37029	Camden	0
37031	Carteret	0.582195330474
37033	Caswell	0.673371483896
37035	Catawba	0.574286254485
37037	Chatham	0.579139306542
37039	Cherokee	0.49247048283
37041	Chowan	0.646457363551
37043	Clay	0.578426163911
37045	Cleveland	0.580714645679
37047	Columbus	0.581661635315
37049	Craven	0.539414624211
37051	Cumberland	0.52522426457
37053	Currituck	0.453340404661
37055	Dare	0.631340425232
37057	Davidson	0.557551145982
37059	Davie	0.545482438472
37061	Duplin	0.51138890996
37063	Durham	0.552497088892
37065	Edgecombe	0.531836447232
37067	Forsyth	0.55806484578
37069	Franklin	0.452857988135
37071	Gaston	0.530501473543
37073	Gates	0.50162982118
37075	Graham	0.520911786663
37077	Granville	0.596022357034
37079	Greene	0.626440197755
37081	Guilford	0.55549222543
37083	Halifax	0.468549791176
37085	Harnett	0.529395984937
37087	Haywood	0.721834812102
37089	Henderson	0.518468882612
37091	Hertford	0.490206224926
37093	Hoke	0.569455185094
37097	Iredell	0.584189702756
37099	Jackson	0.554106510958
37101	Johnston	0.546145294449
37103	Jones	0.485814384654
37105	Lee	0.503924788696
37107	Lenoir	0.481800041636
37109	Lincoln	0.588577658722
47063	Hamblen	0.542720817856
37111	McDowell	0
37113	Macon	0
37115	Madison	0.601335396437
37117	Martin	0.501337843512
51155	Pulaski	0.570830847549
37119	Mecklenburg	0.574339338121
37121	Mitchell	0
37123	Montgomery	0.55867442498
37125	Moore	0.552052274147
37127	Nash	0.523855508313
37129	New Hanover	0.581763063293
37131	Northampton	0
37133	Onslow	0.557116202912
37135	Orange	0.527720919674
37137	Pamlico	0.677163446191
37139	Pasquotank	0.579741743313
37141	Pender	0.535739020126
37143	Perquimans	0.571421134387
37145	Person	0.536616373658
37147	Pitt	0.522158168421
37149	Polk	0
37151	Randolph	0.580191196503
37153	Richmond	0.591281002833
37155	Robeson	0.535256163643
37157	Rockingham	0.526648690252
37159	Rowan	0.521013656145
37161	Rutherford	0.604692554696
37163	Sampson	0.519667872314
37165	Scotland	0.505381952428
37167	Stanly	0.485011951957
37169	Stokes	0.574661605523
37171	Surry	0.590257170607
37173	Swain	0
37175	Transylvania	0.565438158003
37177	Tyrrell	0
51157	Rappahannock	0
37179	Union	0.55359318827
37181	Vance	0.542958637806
37183	Wake	0.577500709653
37185	Warren	0.499794528922
37187	Washington	0.476716969164
37189	Watauga	0.551279132013
37191	Wayne	0.464146229947
29001	Adair	0.470160737568
29003	Andrew	0.627243123705
29005	Atchison	0
29007	Audrain	0
29009	Barry	0.495385460733
40019	Carter	0.500769725001
29011	Barton	0
29013	Bates	0
29015	Benton	0
29019	Boone	0.568494187549
29021	Buchanan	0.558725752187
29023	Butler	0.511880502334
29027	Callaway	0.573254756772
29029	Camden	0.476227139699
29031	Cape Girardeau	0.462844142222
29033	Carroll	0
29035	Carter	0
29037	Cass	0.565646283655
29039	Cedar	0
29043	Christian	0.58321183765
29047	Clay	0.549656406866
29049	Clinton	0
29051	Cole	0.583655817113
29053	Cooper	0
29055	Crawford	0
29057	Dade	0
29059	Dallas	0
29061	Daviess	0
29063	DeKalb	0
29065	Dent	0
29069	Dunklin	0.515173991063
29071	Franklin	0.587159562123
49023	Juab	0
29077	Greene	0.556930438121
29079	Grundy	0
29081	Harrison	0
29083	Henry	0
29087	Holt	0
29089	Howard	0.590173621474
29091	Howell	0.481419684155
29093	Iron	0
29095	Jackson	0.570926391635
29097	Jasper	0.541755572645
47069	Hardeman	0.543667010115
29099	Jefferson	0.522602920577
29101	Johnson	0.495716542004
29105	Laclede	0
29107	Lafayette	0.615249447423
29109	Lawrence	0.714044329539
29111	Lewis	0.546898969576
29113	Lincoln	0.5537662443
29115	Linn	0
29117	Livingston	0.648165787941
54005	Boone	0.548780428329
29121	Macon	0
29125	Maries	0
29127	Marion	0.550742682291
21239	Woodford	0.567255089784
29133	Mississippi	0.446742640698
28067	Jones	0.45054130119
29141	Morgan	0
29143	New Madrid	0.597835010765
29145	Newton	0.624729409979
29147	Nodaway	0.648583125789
29151	Osage	0
29155	Pemiscot	0.497544608504
29157	Perry	0
29159	Pettis	0.567726238613
29161	Phelps	0.560993756556
29163	Pike	0
29165	Platte	0.564447426511
29167	Polk	0.571987269033
29169	Pulaski	0.483368685804
29173	Ralls	0
29175	Randolph	0.518963805508
29179	Reynolds	0
29181	Ripley	0.284778865267
29183	St. Charles	0.574767508616
29186	Ste. Genevieve	0.447838291787
29187	St. Francois	0.543566582942
29189	St. Louis	0.545885624073
13057	Cherokee	0.561936345072
21001	Adair	0.567424559299
21003	Allen	0
21005	Anderson	0
21007	Ballard	0
21009	Barren	0.732135562097
29203	Shannon	0
29205	Shelby	0
29207	Stoddard	0.550402306757
21017	Bourbon	0
21019	Boyd	0.513780262315
29213	Taney	0.579369163487
29215	Texas	0
29217	Vernon	0.682139723171
21027	Breckinridge	0
21029	Bullitt	0.533940871319
29223	Wayne	0
21033	Caldwell	0.655958354473
21035	Calloway	0.550065147262
21037	Campbell	0.569777139311
21039	Carlisle	0
21041	Carroll	0.571090064826
21043	Carter	0.588358982304
21045	Casey	0
21047	Christian	0.533378264795
21049	Clark	0.549717455106
21051	Clay	0.535241440886
21053	Clinton	0
21059	Daviess	0.508151204304
21061	Edmonson	0
21065	Estill	0.515685304644
21067	Fayette	0.569531762851
21069	Fleming	0.641781489223
21071	Floyd	0.497114793429
21073	Franklin	0.564039956989
21075	Fulton	0
21079	Garrard	0.682790716885
21081	Grant	0.513946734287
21083	Graves	0.558114582304
8067	La Plata	0.59325906207
21085	Grayson	0.549538468974
21087	Green	0
21089	Greenup	0.503425390796
21091	Hancock	0.728527175
21093	Hardin	0.51787329641
21095	Harlan	0.505451563355
21097	Harrison	0.555735261189
21099	Hart	0.516939840452
21101	Henderson	0.550039653449
21103	Henry	0.617573816739
21105	Hickman	0
21107	Hopkins	0.330421977304
21109	Jackson	0
21111	Jefferson	0.576035752681
21113	Jessamine	0.589350409883
21115	Johnson	0.413427024366
21117	Kenton	0.536519377484
21119	Knott	0.433920102812
21121	Knox	0.558705941128
21123	Larue	0
21125	Laurel	0.540585823427
21127	Lawrence	0
21129	Lee	0
21131	Leslie	0.555203498143
21133	Letcher	0
21135	Lewis	0
21137	Lincoln	0.249009373684
21141	Logan	0.399891746954
21143	Lyon	0
8069	Larimer	0.569192982414
21145	McCracken	0.511368098066
21147	McCreary	0.456534807921
21149	McLean	0
21151	Madison	0.538845587768
21153	Magoffin	0.451434012367
54043	Lincoln	0.437493909173
21157	Marshall	0.491140996193
21159	Martin	0.471651537328
21161	Mason	0.65025214066
21163	Meade	0.640979857402
21165	Menifee	0
13085	Dawson	0.494658525138
21169	Metcalfe	0.521043663148
21171	Monroe	0
21173	Montgomery	0.557883167948
21175	Morgan	0.460854141281
21177	Muhlenberg	0.548334342761
21179	Nelson	0.548462946145
21181	Nicholas	0
21183	Ohio	0.529640433276
21185	Oldham	0.523701242601
21187	Owen	0
5051	Garland	0.606617827659
13089	DeKalb	0.557518277296
21193	Perry	0.55590606645
21195	Pike	0.528895738071
13005	Bacon	0.602621727885
21199	Pulaski	0.638929021208
13009	Baldwin	0.535633579996
13091	Dodge	0.579993168393
13013	Barrow	0.578063342091
13015	Bartow	0.493222599458
21209	Scott	0.553101238768
21211	Shelby	0.486623702148
13021	Bibb	0.519001775457
13023	Bleckley	0.547608407253
21217	Taylor	0.592024109353
13027	Brooks	0.650206365074
13029	Bryan	0.455554031416
5071	Johnson	0.558401109521
21223	Trimble	0
21225	Union	0.578544305493
54055	Mercer	0.486831844581
21229	Washington	0
13039	Camden	0.553112614724
54001	Barbour	0.464501246724
13043	Candler	0
21237	Wolfe	0
17193	White	0
54009	Brooke	0.573071689676
13051	Chatham	0.532430803648
13053	Chattahoochee	0.551557119427
13055	Chattooga	0.394007816707
54017	Doddridge	0
9003	Hartford	0.552851800788
54021	Gilmer	0
54023	Grant	0
54025	Greenbrier	0.466519226365
54027	Hampshire	0.618169668286
13069	Coffee	0.540321408204
9005	Litchfield	0.518801234555
54033	Harrison	0.539029834625
13075	Cook	0.452294638355
13077	Coweta	0.553145377776
13079	Crawford	0.56279005973
54041	Lewis	0.49495460989
9007	Middlesex	0.524413260312
54045	Logan	0.528021785188
13235	Pulaski	0
54047	McDowell	0.293588158909
54049	Marion	0.478003745578
54051	Marshall	0.508027096339
54053	Mason	0.566646465748
17201	Winnebago	0.510329343991
54057	Mineral	0.439903132229
13099	Early	0.575630243854
13101	Echols	0
13103	Effingham	0.59233471814
13105	Elbert	0.487588673588
13107	Emanuel	0.437855631085
13109	Evans	0
54071	Pendleton	0
54073	Pleasants	0.37403526958
54075	Pocahontas	0
13117	Forsyth	0.596654923481
13119	Franklin	0.475232472797
13121	Fulton	0.561135159188
54083	Randolph	0.536845637046
54085	Ritchie	0.560964270192
29510	St. Louis	0.561981272521
13127	Glynn	0.456801276933
54089	Summers	0.640075731888
13131	Grady	0.74276469115
8075	Logan	0.446190944071
54093	Tucker	0
13135	Gwinnett	0.543379282679
13137	Habersham	0.573783246302
54099	Wayne	0.524634090647
13141	Hancock	0
54103	Wetzel	0
54105	Wirt	0
54107	Wood	0.503000271314
13149	Heard	0
13151	Henry	0.531477488734
13153	Houston	0.520422089126
13115	Floyd	0.529573556805
13157	Jackson	0.484390313687
13159	Jasper	0
13161	Jeff Davis	0.426858890454
13163	Jefferson	0.494113465322
13165	Jenkins	0.451394326805
54077	Preston	0.561574515366
13169	Jones	0.663068417025
13171	Lamar	0.450338244809
13175	Laurens	0.489995395612
13177	Lee	0.488232781716
54079	Putnam	0.503649541962
13181	Lincoln	0
13183	Long	0.490031074602
13185	Lowndes	0.532593362364
13187	Lumpkin	0.525347745091
13189	McDuffie	0.538721687372
54081	Raleigh	0.536826164229
8077	Mesa	0.578278541474
13193	Macon	0.667046384851
5002	Acuna, Coahuila de Zaragoza	0.688476218172
13195	Madison	0.508719098645
13197	Marion	0
5006	Castanos, Coahuila de Zaragoza	0
5007	Benton	0.527532741816
5009	Boone	0.651668540866
5010	Frontera, Coahuila de Zaragoza	0.608054474915
13123	Gilmer	0.657556942773
13205	Mitchell	0.459302385928
13207	Monroe	0.550993877753
5017	Chicot	0.569485721643
5018	Monclova, Coahuila de Zaragoza	0.570402838691
5019	Clark	0.509805135138
5020	Muzquiz, Coahuila de Zaragoza	0
13213	Murray	0.619397040177
5022	Nava, Coahuila de Zaragoza	0.329875556243
13125	Glascock	0
5024	Parras, Coahuila de Zaragoza	0
13217	Newton	0.542440050639
5027	Columbia	0.567715048523
5028	Sabinas, Coahuila de Zaragoza	0.581824678355
5029	Conway	0
13223	Paulding	0.569109440665
5032	San Juan de Sabinas, Coahuila de Zaragoza	0.56265173965
5033	Crawford	0.61190894969
13227	Pickens	0.590245777292
5037	Cross	0
5038	Zaragoza, Coahuila de Zaragoza	0
5039	Dallas	0
13233	Polk	0.537671196067
5043	Drew	0.58537103451
5045	Faulkner	0.558023427304
5047	Franklin	0
5049	Fulton	0
13243	Randolph	0
13245	Richmond	0.52732104823
29221	Washington	0.736061536971
46015	Brule	0
5057	Hempstead	0.495697105771
13251	Screven	0
13253	Seminole	0
13255	Spalding	0.484336109607
13257	Stephens	0.480916424093
13259	Stewart	0
13261	Sumter	0.508916184578
13133	Greene	0.557436456996
48043	Brewster	0.511087615281
5073	Lafayette	0
5075	Lawrence	0.576980232733
5077	Lee	0
13271	Telfair	0
5081	Little River	0.402435191662
13275	Thomas	0.533934416073
13277	Tift	0.516459457861
13279	Toombs	0.471198873408
13281	Towns	0.453401602443
5091	Miller	0.439234611952
5093	Mississippi	0.569370041457
13263	Talbot	0
54097	Upshur	0.474255543682
5097	Montgomery	0
5099	Nevada	0.646796767182
5101	Newton	0
13295	Walker	0.615397836811
5105	Perry	0
5053	Grant	0.423138210385
13139	Hall	0.525595720099
13301	Warren	0.656113439748
13303	Washington	0.461519018988
13305	Wayne	0.462111610128
46075	Jones	0
13309	Wheeler	0.481322748037
54101	Webster	0.341725440432
13313	Whitfield	0.566480348079
5123	St. Francis	0.608086868194
5125	Saline	0.511900066961
5127	Scott	0
13321	Worth	0
13143	Haralson	0.553800546191
5133	Sevier	0.591922162044
5135	Sharp	0
5137	Stone	0.433516053971
46099	Minnehaha	0.544246426092
46101	Moody	0
13145	Harris	0.493365119069
5145	White	0.656106200047
46107	Potter	0
46109	Roberts	0
46113	Shannon	0.430005279276
46115	Spink	0
46121	Todd	0
46123	Tripp	0
46125	Turner	0
54109	Wyoming	0.537538400786
46135	Yankton	0.62927000755
46137	Ziebach	0
49021	Iron	0.573197624479
13237	Putnam	0.546577250125
13155	Irwin	0
39099	Mahoning	0.532932814144
38003	Barnes	0.582072043915
38007	Billings	0
38015	Burleigh	0.538068880058
38017	Cass	0.545999364518
38021	Dickey	0
40001	Adair	0
38025	Dunn	0
38035	Grand Forks	0.64518267094
13167	Johnson	0
46003	Aurora	0
38049	McHenry	0
38053	McKenzie	0
38057	Mercer	0
48099	Coryell	0.493689442298
38059	Morton	0
38061	Mountrail	0
38073	Ransom	0
38077	Richland	0.513782960714
38085	Sioux	0.379230919335
38089	Stark	0.567400913822
38093	Stutsman	0.550666390133
38097	Traill	0
38099	Walsh	0
46005	Beadle	0.615328726194
13179	Liberty	0.505193121259
39123	Ottawa	0.5541411841
40005	Atoka	0.506219792224
46007	Bennett	0
5055	Greene	0.532425821471
13001	Appling	0.371867287717
13191	McIntosh	0
47099	Lawrence	0.612572001885
30001	Beaverhead	0
30003	Big Horn	0
5001	Arkansas	0
30009	Carbon	0
39135	Preble	0.620074269753
30013	Cascade	0
30017	Custer	0
5003	Ashley	0.465142953133
30023	Deer Lodge	0
30029	Flathead	0
5005	Baxter	0.609925353597
13199	Meriwether	0.538410836773
30045	Judith Basin	0
30049	Lewis and Clark	0.629868389942
30051	Liberty	0
13201	Miller	0.698196142739
30057	Madison	0
30063	Missoula	0.646594521278
5011	Bradley	0
30073	Pondera	0
30075	Powder River	0
5013	Calhoun	0
30081	Ravalli	0
30083	Richland	0
30087	Rosebud	0
30089	Sanders	0
5015	Carroll	0
46011	Brookings	0.562354260763
30097	Sweet Grass	0
13209	Montgomery	0.621153270233
30111	Yellowstone	0.573480445553
13211	Morgan	0.433845040159
5021	Clay	0
5095	Monroe	0
13215	Muscogee	0.539145578384
5025	Piedras Negras, Coahuila de Zaragoza	0.636775091896
46013	Brown	0.520821665383
39159	Union	0.566683955393
13219	Oconee	0.587046991468
13241	Rabun	0
13221	Oglethorpe	0
5031	Craighead	0.556879760554
21191	Pendleton	0
22001	Acadia	0.53975351069
22003	Allen	0.546107560013
22005	Ascension	0.550843638252
22007	Assumption	0.490353587186
22009	Avoyelles	0.536897755681
22011	Beauregard	0.464139036417
22013	Bienville	0.504037391266
22015	Bossier	0.528911690558
22017	Caddo	0.520522335312
40027	Cleveland	0.525764631837
5035	Crittenden	0.630275132524
22021	Caldwell	0
22023	Cameron	0.442345574209
22025	Catahoula	0
22027	Claiborne	0.472407337238
22029	Concordia	0.530488370221
13229	Pierce	0.558734752415
22033	East Baton Rouge	0.522224219519
22037	East Feliciana	0.478471516762
29225	Webster	0
22039	Evangeline	0.515982330192
22041	Franklin	0
38105	Williams	0
13231	Pike	0.563761591392
22045	Iberia	0.49901010563
22047	Iberville	0.472047948198
22049	Jackson	0.539804889362
22051	Jefferson	0.545446017998
22053	Jefferson Davis	0.481297200927
5041	Desha	0
22057	Lafourche	0.551799770929
22059	La Salle	0.692620188211
22061	Lincoln	0.543168974076
22063	Livingston	0.575302006394
22065	Madison	0.451137078727
22067	Morehouse	0.454065191168
22069	Natchitoches	0.464984725595
22071	Orleans	0.535243291907
22073	Ouachita	0.520168140512
48199	Hardin	0.576505101395
22075	Plaquemines	0.464859795472
22077	Pointe Coupee	0.605993345716
22079	Rapides	0.552832662909
22081	Red River	0.445073776557
22083	Richland	0
22085	Sabine	0.560079940952
22087	St. Bernard	0.502093096491
22089	St. Charles	0.520975031972
13239	Quitman	0
22093	St. James	0.504302204555
22095	St. John the Baptist	0.49988209633
22097	St. Landry	0.505934575285
22099	St. Martin	0.567421276276
22101	St. Mary	0.500260561345
13011	Banks	0.581157731192
22103	St. Tammany	0.571141401803
22105	Tangipahoa	0.524625793083
22109	Terrebonne	0.527347147663
22111	Union	0.525633977118
22113	Vermilion	0.516054799166
22115	Vernon	0.441313835269
22117	Washington	0.509305659096
22119	Webster	0.475703817287
22121	West Baton Rouge	0.525748246272
22123	West Carroll	0
22125	West Feliciana	0
22127	Winn	0
48201	Harris	0.555940850613
13247	Rockdale	0.55068900093
46019	Butte	0
47011	Bradley	0.490860647758
5059	Hot Spring	0.553865771771
5061	Howard	0.622588975865
21197	Powell	0
31003	Antelope	0.334034384329
5103	Ouachita	0.556922772273
5063	Independence	0.533276181328
5065	Izard	0
5067	Jackson	0
47035	Cumberland	0.578404623853
5069	Jefferson	0.50651371733
42047	Elk	0.584036712162
55001	Adams	0
55003	Ashland	0
55005	Barron	0
55007	Bayfield	0
55009	Brown	0.556659933143
55011	Buffalo	0.633012079348
55013	Burnett	0
13265	Taliaferro	0
55017	Chippewa	0.606860723321
55019	Clark	0.535361604201
55021	Columbia	0.664148956706
55023	Crawford	0.585390396516
55025	Dane	0.593077817355
13267	Tattnall	0.638213127533
55029	Door	0
46023	Charles Mix	0
55031	Douglas	0.543533637746
55033	Dunn	0.540987373154
55035	Eau Claire	0.552159519845
55037	Florence	0
13269	Taylor	0
55041	Forest	0
55043	Grant	0.570707937384
55045	Green	0.331169922358
55047	Green Lake	0
55049	Iowa	0
13017	Ben Hill	0
5079	Lincoln	0
55053	Jackson	0
55055	Jefferson	0.57760501408
22019	Calcasieu	0.522675105663
55057	Juneau	0.591486980189
55059	Kenosha	0.527839993672
55061	Kewaunee	0
13273	Terrell	0.472271264762
55065	Lafayette	0
55067	Langlade	0
55069	Lincoln	0
55071	Manitowoc	0.512144361855
55073	Marathon	0.550237920967
5083	Logan	0.625606549721
5113	Polk	0.587307459608
55079	Milwaukee	0.543548849623
55081	Monroe	0.585699332892
48207	Haskell	0
55083	Oconto	0
55085	Oneida	0
5085	Lonoke	0.516163147512
55089	Ozaukee	0.592044099123
55093	Pierce	0.661644452043
55027	Dodge	0.430259074517
55097	Portage	0.602770471167
55099	Price	0
55101	Racine	0.515965846858
55105	Rock	0.504162114878
55109	St. Croix	0.624263084871
13019	Berrien	0.499463117794
5089	Marion	0
55113	Sawyer	0
55115	Shawano	0.516480830626
55117	Sheboygan	0.532168735367
55119	Taylor	0
55121	Trempealeau	0.48752921095
55123	Vernon	0.584347210524
21203	Rockcastle	0.664175888327
55127	Walworth	0.579811008106
55129	Washburn	0
5109	Pike	0
55133	Waukesha	0.609479046732
13285	Troup	0.454373120741
55139	Winnebago	0.559726956114
55141	Wood	0
48209	Hays	0.564016437565
13287	Turner	0
46027	Clay	0.446536985156
6001	Alameda	0.582971754093
16019	Bonneville	0.639555523261
6005	Amador	0.619659641793
13289	Twiggs	0
6009	Calaveras	0.587472676553
6011	Colusa	0.562191044179
13297	Walton	0.569569867598
6013	Contra Costa	0.592689262031
6015	Del Norte	0.566990906843
6017	El Dorado	0.600549024875
13291	Union	0.346651513683
6021	Glenn	0.566566187488
6023	Humboldt	0.574491368496
6025	Imperial	0.51888741954
6027	Inyo	0.738403756191
6029	Kern	0.54318058409
13293	Upson	0.574409992777
6033	Lake	0.513645713269
21205	Rowan	0.553365306061
6035	Lassen	0.705987580889
6037	Los Angeles	0.584224398202
6039	Madera	0.580261091486
6041	Marin	0.602546237851
47003	Bedford	0.585967738822
47005	Benton	0.505192277983
47007	Bledsoe	0
47009	Blount	0.547623357564
6051	Mono	0.311390464942
47013	Campbell	0.595274624526
6055	Napa	0.587297345698
6057	Nevada	0.399553101394
46029	Codington	0.647985699315
47019	Carter	0.59444600396
47021	Cheatham	0.458958503157
6063	Plumas	0.549080162275
47025	Claiborne	0.540673679678
47027	Clay	0
47029	Cocke	0.534476640765
6071	San Bernardino	0.556208427685
47033	Crockett	0
6075	San Francisco	0.6441118552
47037	Davidson	0.597765978434
47039	Decatur	0
6081	San Mateo	0.595946210707
6083	Santa Barbara	0.525276802643
47045	Dyer	0.658583762214
47047	Fayette	0.529970032723
6089	Shasta	0.589403980143
5111	Poinsett	0.689146263852
6093	Siskiyou	0.501750419074
21207	Russell	0.522662661388
47055	Giles	0.628890676875
47057	Grainger	0.667084676136
6099	Stanislaus	0.541901846179
47061	Grundy	0.632516911141
6103	Tehama	0.568483197538
47065	Hamilton	0.529649290185
6107	Tulare	0.541303046655
6109	Tuolumne	0.477228087683
47071	Hardin	0.536161284875
6113	Yolo	0.537239107766
6115	Yuba	0.524874670385
47077	Henderson	0.554118106742
46031	Corson	0
47079	Henry	0.6601337255
47081	Hickman	0
47083	Houston	0
47085	Humphreys	0.683797748203
47087	Jackson	0
47089	Jefferson	0.559573455266
47091	Johnson	0
13025	Brantley	0.493276641702
29119	McDonald	0
47095	Lake	0
47097	Lauderdale	0.546252216326
5119	Pulaski	0.569242173104
47101	Lewis	0.622394977919
47103	Lincoln	0.556184200673
47105	Loudon	0.543560589138
47107	McMinn	0.519845268152
47109	McNairy	0
47111	Macon	0
47113	Madison	0.523605440481
47115	Marion	0.548188160177
47117	Marshall	0.574630019459
5115	Pope	0.553145238157
47121	Meigs	0.507044275457
47123	Monroe	0.577101513137
47125	Montgomery	0.558223319518
47127	Moore	0
47129	Morgan	0.453170743388
48215	Hidalgo	0.508573238371
47131	Obion	0.613119918527
47133	Overton	0
13299	Ware	0.529898481338
47139	Polk	0.538333435774
47141	Putnam	0.613767383282
47143	Rhea	0.478837926337
47145	Roane	0.492543132679
47147	Robertson	0.456399943827
47149	Rutherford	0.570290091648
47151	Scott	0.507498595109
47153	Sequatchie	0
47155	Sevier	0.613497887021
47157	Shelby	0.585649255812
47159	Smith	0.639248951638
47161	Stewart	0
47163	Sullivan	0.614413343078
47165	Sumner	0.628282185354
47167	Tipton	0.641921832243
47169	Trousdale	0
47171	Unicoi	0.447321797992
47173	Union	0.612529315522
47175	Van Buren	0
47177	Warren	0.45831271555
47179	Washington	0.533740270982
47181	Wayne	0
47183	Weakley	0.546152550079
47185	White	0
47187	Williamson	0.622989448547
47189	Wilson	0.598518090621
39001	Adams	0.637522964669
39003	Allen	0.506903479952
39005	Ashland	0.564416929994
46035	Davison	0.671967078706
39007	Ashtabula	0.478459122732
39009	Athens	0.587416194258
39011	Auglaize	0.508163154254
39013	Belmont	0.531384222699
39015	Brown	0.532936450919
39017	Butler	0.555553968895
39019	Carroll	0.488947499656
39021	Champaign	0.541817229474
29229	Wright	0
39023	Clark	0.497542328312
39025	Clermont	0.555264109322
39027	Clinton	0.504409605997
39029	Columbiana	0.508360670071
39031	Coshocton	0.519229381772
22031	De Soto	0.550958706207
39033	Crawford	0.547374222601
39035	Cuyahoga	0.547820946921
39037	Darke	0.590116989387
39039	Defiance	0.610271820527
48051	Burleson	0.572292325071
39041	Delaware	0.607968632345
21213	Simpson	0.494640800734
39043	Erie	0.531446136614
39045	Fairfield	0.590741806149
39047	Fayette	0.427140188408
39049	Franklin	0.5785178291
39051	Fulton	0.485607924541
39053	Gallia	0.53370527606
39055	Geauga	0.592177255338
39057	Greene	0.538240189065
39059	Guernsey	0.463355914067
39061	Hamilton	0.548559630824
39063	Hancock	0.628894552383
39065	Hardin	0.525873300015
46037	Day	0
39067	Harrison	0
39069	Henry	0.559526389267
21155	Marion	0.476535547956
55039	Fond du Lac	0.583616627335
39073	Hocking	0
39075	Holmes	0.508441435463
39077	Huron	0.499007638285
39079	Jackson	0.577398377825
39081	Jefferson	0.570419722864
39083	Knox	0.530295210983
39085	Lake	0.582304210742
13031	Bulloch	0.517445648746
39089	Licking	0.518353838741
39091	Logan	0.646872846743
39093	Lorain	0.528090087618
39095	Lucas	0.523803045102
39097	Madison	0.527031711803
42015	Bradford	0.574921167153
39101	Marion	0.584561296293
21215	Spencer	0.4667512525
39103	Medina	0.523471882982
39105	Meigs	0.543918972421
39107	Mercer	0.543131115441
5121	Randolph	0
39109	Miami	0.553575946932
40061	Haskell	0.576205809041
39111	Monroe	0.589281136182
39113	Montgomery	0.538274776032
39115	Morgan	0.549504127609
39117	Morrow	0.396258438941
39119	Muskingum	0.587332348348
39121	Noble	0
42019	Butler	0.561673923349
39125	Paulding	0.519287002664
39127	Perry	0.477366698538
39129	Pickaway	0.547555291543
39131	Pike	0.555508139343
39133	Portage	0.550941935848
42021	Cambria	0.520069675606
39137	Putnam	0.645299040126
39139	Richland	0.548608065639
39141	Ross	0.565623473704
39143	Sandusky	0.494913517268
39145	Scioto	0.498482717699
42023	Cameron	0.620653417578
39149	Shelby	0.477971752377
39151	Stark	0.526115435768
39153	Summit	0.533741595203
39155	Trumbull	0.526601389569
39157	Tuscarawas	0.601677761603
1065	Hale	0.491275604152
39161	Van Wert	0.608005856775
39163	Vinton	0
39165	Warren	0.555308082629
39167	Washington	0.488312801056
49041	Sevier	0
39169	Wayne	0.535790007918
39171	Williams	0.554737313038
39173	Wood	0.529105860637
39175	Wyandot	0.728361210039
1069	Houston	0.51702035467
46041	Dewey	0
31001	Adams	0.58832199049
46127	Union	0.624320336081
20127	Morris	0
31011	Boone	0
31013	Box Butte	0.459848021343
13035	Butts	0.597659152537
31017	Brown	0
31019	Buffalo	0.502225943848
31021	Burt	0
31023	Butler	0
31025	Cass	0.638584300138
31027	Cedar	0
31029	Chase	0
21219	Todd	0.587584571209
31033	Cheyenne	0
49043	Summit	0.588618615357
31037	Colfax	0
1077	Lauderdale	0.54103968513
31043	Dakota	0.511925291802
31045	Dawes	0.571453809555
20193	Thomas	0
1079	Lawrence	0.551886655863
31053	Dodge	0.548410011662
31055	Douglas	0.563089120918
1081	Lee	0.563087039512
31065	Furnas	0
31067	Gage	0.480398063279
31071	Garfield	0
1083	Limestone	0.551317319947
31079	Hall	0.574911021104
47135	Perry	0
31081	Hamilton	0
20199	Wallace	0
1085	Lowndes	0.719423230962
21221	Trigg	0
31093	Howard	0
20201	Washington	0
31097	Johnson	0
31099	Kearney	0
5117	Prairie	0
31101	Keith	0
31105	Kimball	0
31107	Knox	0
31109	Lancaster	0.589687991827
42049	Erie	0.536018228052
12013	Calhoun	0
31121	Merrick	0.529121892131
42051	Fayette	0.494566215521
31125	Nance	0
31127	Nemaha	0.651117364126
31129	Nuckolls	0
31131	Otoe	0
42053	Forest	0
31137	Phelps	0
31139	Pierce	0
31141	Platte	0.676091121617
20209	Wyandotte	0.562513306916
31145	Red Willow	0
42055	Franklin	0.546848383382
31151	Saline	0
31153	Sarpy	0.524704654445
31155	Saunders	0
31157	Scotts Bluff	0.558896536262
42057	Fulton	0.769465926958
31167	Stanton	0
1099	Monroe	0.600995774331
31173	Thurston	0.487691787722
46047	Fall River	0
31177	Washington	0.648417882094
31179	Wayne	0.517809188324
1101	Montgomery	0.514973815678
31185	York	0.64763824571
23001	Androscoggin	0.559883651596
42063	Indiana	0.55258663109
23005	Cumberland	0.547712772667
23007	Franklin	0.683583355752
23009	Hancock	0.62347006468
23011	Kennebec	0.555472785383
23013	Knox	0.610447081646
1105	Perry	0.497429370433
23017	Oxford	0.525039718316
23019	Penobscot	0.546981331982
23023	Sagadahoc	0.626248158035
5131	Sebastian	0.604412513077
23025	Somerset	0.534876395259
1107	Pickens	0
23029	Washington	0.726988842351
23031	York	0.537914335874
1109	Pike	0.520286396715
13315	Wilcox	0
31147	Richardson	0
55051	Iron	0
42071	Lancaster	0.565685473622
1113	Russell	0.497476611905
31047	Dawson	0.596161538765
42075	Lebanon	0.534546571648
1041	Crenshaw	0.458087878962
21227	Warren	0.51816079109
42077	Lehigh	0.513538549249
12041	Gilchrist	0
1119	Sumter	0.625611782043
13317	Wilkes	0.481068283238
42081	Lycoming	0.55907993612
31159	Seward	0.476180711923
29139	Montgomery	0
12045	Gulf	0.401719388109
13045	Carroll	0.5287460164
53007	Chelan	0
1125	Tuscaloosa	0.555015289937
1043	Cullman	0.454572396624
53009	Clallam	0
42087	Mifflin	0.597737390262
53011	Clark	0.532753490734
1129	Washington	0.655590674796
13319	Wilkinson	0
53013	Columbia	0
1131	Wilcox	0.685552403113
20139	Osage	0
12055	Highlands	0.587430805941
13047	Catoosa	0.531701694242
31051	Dixon	0
21231	Wayne	0
6101	Sutter	0.567328518417
53021	Franklin	0.559039403701
46055	Haakon	0
56001	Albany	0.539139072555
56003	Big Horn	0
56005	Campbell	0.593777999429
53025	Grant	0.552962759824
56009	Converse	0
13049	Charlton	0.649660005332
56013	Fremont	0.613616524078
56015	Goshen	0.554883925957
56017	Hot Springs	0
12067	Lafayette	0
56021	Laramie	0.58373442642
56023	Lincoln	0
1047	Dallas	0.557411450942
56025	Natrona	0.585158166514
40055	Greer	0
47073	Hawkins	0.557895450568
56031	Platte	0
5139	Union	0.547669124492
56033	Sheridan	0
19051	Villaldama, Nuevo Leun	0
56037	Sweetwater	0.552440553779
56039	Teton	0.753679572389
53033	King	0.630909884979
12075	Levy	0.459186497588
12077	Liberty	0
1049	DeKalb	0.477903554835
21235	Whitley	0.536749963658
53039	Klickitat	0
23003	Aroostook	0.590654954057
12081	Manatee	0.595344156726
53043	Lincoln	0
53045	Mason	0
22055	Lafayette	0.519167191285
53047	Okanogan	0
53049	Pacific	0
5143	Washington	0.577870562321
1133	Winston	0
23015	Lincoln	0
12093	Okeechobee	0.568619983421
55063	La Crosse	0.579136692199
48001	Anderson	0.59188796439
48003	Andrews	0
48005	Angelina	0.605263024651
12097	Osceola	0.573054597231
1053	Escambia	0.449728759247
48013	Atascosa	0.514164513064
48015	Austin	0.637859908005
48017	Bailey	0
12099	Palm Beach	0.577842987704
48021	Bastrop	0.533897091777
48023	Baylor	0
48025	Bee	0.493217467925
48027	Bell	0.507005994748
48029	Bexar	0.548790562543
53061	Snohomish	0.518677893773
48035	Bosque	0.313912709552
48037	Bowie	0.512326053638
48039	Brazoria	0.539827518755
48041	Brazos	0.548143800112
12103	Pinellas	0.556944917025
48045	Briscoe	0
48047	Brooks	0.489043836322
48049	Brown	0.564866856865
23027	Waldo	0.628817741117
48053	Burnet	0.530930574018
48055	Caldwell	0.616256031456
48057	Calhoun	0.51484386894
48059	Callahan	0
48061	Cameron	0.545347399363
48063	Camp	0.571744141725
48065	Carson	0
12107	Putnam	0.500222266914
48069	Castro	0
48071	Chambers	0.51554725803
48073	Cherokee	0.544560095756
48075	Childress	0
48077	Clay	0.66543159166
53069	Wahkiakum	0
5147	Woodruff	0
48083	Coleman	0
48085	Collin	0.570076894292
48087	Collingsworth	0
48089	Colorado	0.554041514824
53071	Walla Walla	0.616438861799
48097	Cooke	0.604616756877
46065	Hughes	0
53073	Whatcom	0.408229008841
48107	Crosby	0
48111	Dallam	0
48113	Dallas	0.551178352606
48115	Dawson	0
48117	Deaf Smith	0.530150529467
48119	Delta	0
13059	Clarke	0.576181518383
48121	Denton	0.568158697274
48123	DeWitt	0.428543666017
12117	Seminole	0.565468802339
48129	Donley	0
31063	Frontier	0
48131	Duval	0.49709095896
49039	Sanpete	0.543905884833
48133	Eastland	0.562513630227
48135	Ector	0.529948539823
47075	Haywood	0.639164345889
48139	Ellis	0.549430856321
48141	El Paso	0.545962417938
48143	Erath	0.54178836417
48145	Falls	0
48147	Fannin	0.557840747138
48149	Fayette	0.482040504709
48151	Fisher	0
48153	Floyd	0
48157	Fort Bend	0.554640528803
48159	Franklin	0
48161	Freestone	0.570134323866
48163	Frio	0.433544782849
48165	Gaines	0
48167	Galveston	0.541368349653
48169	Garza	0
48171	Gillespie	0.589957321655
48173	Glasscock	0
48175	Goliad	0
48177	Gonzales	0.449367674202
48179	Gray	0
13061	Clay	0
48181	Grayson	0.531473236024
48183	Gregg	0.572643885939
48185	Grimes	0.632322067289
48187	Guadalupe	0.536216788267
48189	Hale	0.538546326526
48191	Hall	0
48193	Hamilton	0
40003	Alfalfa	0
48197	Hardeman	0
40007	Beaver	0.543434755794
40009	Beckham	0.648433536652
40011	Blaine	0.64428865723
48205	Hartley	0
40015	Caddo	0.512111939863
40017	Canadian	0.580447326214
48211	Hemphill	0
48213	Henderson	0.553748205848
40023	Choctaw	0.488654018497
48217	Hill	0.512544535085
48219	Hockley	0.556508177902
48221	Hood	0.411186121608
40031	Comanche	0.500651516113
40033	Cotton	0
48227	Howard	0.55638343452
48229	Hudspeth	0
40039	Custer	0.512354033399
40041	Delaware	0.546423178933
48235	Irion	0
48237	Jack	0
48239	Jackson	0.447527598245
13063	Clayton	0.604394374044
40049	Garvin	0.588467770552
40051	Grady	0.562340746552
40053	Grant	0
48247	Jim Hogg	0
48249	Jim Wells	0.505566711944
40059	Harper	0
48253	Jones	0.635239637221
40063	Hughes	0.543574943623
40065	Jackson	0.559402077401
54059	Mingo	0.501204070945
40067	Jefferson	0
48261	Kenedy	0
40071	Kay	0.645587025931
48265	Kerr	0.405036689804
27159	Wadena	0.490408166298
40077	Latimer	0
40079	Le Flore	0.488651410903
40081	Lincoln	0.518931521769
48275	Knox	0.284950152279
40085	Love	0.603937050235
48279	Lamb	0.557204080383
48281	Lampasas	0.573736664829
40091	McIntosh	0.451018451445
40093	Major	0
40095	Marshall	0.58344568973
40097	Mayes	0.590511850506
40099	Murray	0.568075151141
13033	Burke	0.583374220127
40101	Muskogee	0.527135317835
40103	Noble	0.496587417566
48297	Live Oak	0
40107	Okfuskee	0
13065	Clinch	0.388217779454
40109	Oklahoma	0.563599123137
40111	Okmulgee	0.505175773644
40113	Osage	0.560175556069
40115	Ottawa	0.506423696648
40117	Pawnee	0.454258513831
48311	McMullen	0
40121	Pittsburg	0.714877669185
48315	Marion	0
48317	Martin	0
40127	Pushmataha	0
40129	Roger Mills	0
48323	Maverick	0.550205222846
48325	Medina	0.486199408621
48327	Menard	0
40137	Stephens	0.508553026333
48331	Milam	0.668529813337
40141	Tillman	0
48335	Mitchell	0.621673365968
48337	Montague	0
40147	Washington	0.613541354458
48341	Moore	0
48343	Morris	0.470297775376
40153	Woodward	0.496212434614
48347	Nacogdoches	0.558406092877
48349	Navarro	0.547281123003
48351	Newton	0
48353	Nolan	0
48355	Nueces	0.53128603469
48357	Ochiltree	0
13067	Cobb	0.544068048308
48361	Orange	0.557414877836
48363	Palo Pinto	0.574581931384
48365	Panola	0.559766195222
48367	Parker	0.548976622882
48369	Parmer	0
48371	Pecos	0.576456099256
48373	Polk	0.458724374395
48375	Potter	0.450566858709
48377	Presidio	0
48379	Rains	0
48381	Randall	0.567365173278
48383	Reagan	0
48385	Real	0
48387	Red River	0
48389	Reeves	0.559407544104
32007	Elko	0.497135740062
48395	Robertson	0.357979822177
32013	Humboldt	0.719182640146
32015	Lander	0
48401	Rusk	0.573033901689
32019	Lyon	0.552891547645
48405	San Augustine	0
48407	San Jacinto	0.522009439359
48409	San Patricio	0.513432667218
32027	Pershing	0
32029	Storey	0
48415	Scurry	0.53111805985
48417	Shackelford	0
48419	Shelby	0.740948357398
48421	Sherman	0
48423	Smith	0.554095311052
48425	Somervell	0.535708704355
48427	Starr	0.535061969181
48429	Stephens	0
1067	Henry	0.388685635399
48435	Sutton	0
48439	Tarrant	0.551207265531
48441	Taylor	0.573492997191
48445	Terry	0
48449	Titus	0.504433907213
48451	Tom Green	0.537841128724
48453	Travis	0.572415513255
48455	Trinity	0.637654154214
48457	Tyler	0
48459	Upshur	0.353630820607
48461	Upton	0
48463	Uvalde	0.534883409092
48465	Val Verde	0.562164922376
48467	Van Zandt	0.456003518054
48469	Victoria	0.519889707528
48471	Walker	0.547018633477
48473	Waller	0.554779980603
48475	Ward	0.554123623917
48477	Washington	0.471354065882
48479	Webb	0.557459569497
13071	Colquitt	0.605115483929
48481	Wharton	0.549208898661
48483	Wheeler	0.618776697559
48485	Wichita	0.545692393753
48487	Wilbarger	0.5527872442
48489	Willacy	0.495741884168
48491	Williamson	0.547145156395
48493	Wilson	0.432182264659
48495	Winkler	0
48497	Wise	0.581722770841
48499	Wood	0.423255567585
48501	Yoakum	0
48503	Young	0.764071682708
48505	Zapata	0.555119896155
48507	Zavala	0.60408779421
49045	Tooele	0.459387569821
46079	Lake	0.481701787526
8087	Morgan	0
8089	Otero	0.604584509424
13073	Columbia	0.489708645961
8091	Ouray	0
1071	Jackson	0.557587301342
54061	Monongalia	0.567124139016
49053	Washington	0.53517213232
24001	Allegany	0.530190691465
24003	Anne Arundel	0.537647946639
46081	Lawrence	0.65415528257
24005	Baltimore	0.558422681834
8097	Pitkin	0.62175815433
24009	Calvert	0.499338340864
24011	Caroline	0.499527136604
24013	Carroll	0.548172312468
24015	Cecil	0.553025016433
24017	Charles	0.52592072977
24019	Dorchester	0.576153030914
24021	Frederick	0.546172459527
24023	Garrett	0.708411436629
24025	Harford	0.560663166461
24027	Howard	0.566564427109
24029	Kent	0.401006229409
24031	Montgomery	0.566906847427
24033	Prince George's	0.549932024106
24035	Queen Anne's	0.5416460687
24037	St. Mary's	0.517002643393
24039	Somerset	0.562670377614
24041	Talbot	0.539419889689
24043	Washington	0.518975630823
24045	Wicomico	0.495213550522
24047	Worcester	0.679297765474
19027	Carroll	0.565421129212
46083	Lincoln	0
19039	Clarke	0.460167174212
46085	Lyman	0
31083	Harlan	0
16001	Ada	0.541850886576
6053	Monterey	0.548007171036
16005	Bannock	0.586470036089
16007	Bear Lake	0
16011	Bingham	0.531079409238
13081	Crisp	0.539343071565
16013	Blaine	0
48225	Houston	0.579081554686
16027	Canyon	0.519006493808
16039	Elmore	0
16041	Franklin	0
16043	Fremont	0
16045	Gem	0
16047	Gooding	0.516334258546
16049	Idaho	0
16053	Jerome	0
16083	Twin Falls	0
16055	Kootenai	0.591235617616
16057	Latah	0.509457733095
16065	Madison	0.59456155967
16067	Minidoka	0
16069	Nez Perce	0.735449836605
13083	Dade	0.498389132535
16075	Payette	0
16077	Power	0
16079	Shoshone	0
16081	Teton	0
31087	Hitchcock	0
16085	Valley	0
16087	Washington	0
54063	Monroe	0
8041	El Paso	0.55652103155
46091	Marshall	0
13037	Calhoun	0
32510	Carson City	0.426466958292
54003	Berkeley	0.584440555713
46093	Meade	0
13087	Decatur	0.642883223214
8001	Adams	0.526822231984
8003	Alamosa	0.769540302933
8005	Arapahoe	0.530597591332
8007	Archuleta	0
8011	Camargo, Chihuahua	0
8013	Boulder	0.610403345695
8015	Chaffee	0
8017	Cheyenne	0.552257640346
8019	Clear Creek	0.56480793903
8021	Delicias, Chihuahua	0
8024	Santa Isabel, Chihuahua	0
8027	Custer	0
8029	Delta	0
8031	Denver	0.572341555257
8032	Hidalgo del Parral, Chihuahua	0
8035	Douglas	0.574126918322
8037	Eagle	0.597853295129
49001	Beaver	0
49003	Box Elder	0.694864827415
49005	Cache	0.599796493469
8047	Gilpin	0
8049	Grand	0.515486918596
8050	Nuevo Casas Grandes, Chihuahua	0
49011	Davis	0.573272138808
8052	Ojinaga, Chihuahua	0
49013	Duchesne	0
8055	Huerfano	0
49017	Garfield	0
8059	Jefferson	0.583556228791
8061	Kiowa	0
8063	Kit Carson	0
49027	Millard	0
49029	Morgan	0
8071	Las Animas	0
8073	Lincoln	0
49035	Salt Lake	0.556187053079
49037	San Juan	0
54007	Braxton	0
8081	Moffat	0
8083	Montezuma	0
8085	Montrose	0.496852908732
49047	Uintah	0
49049	Utah	0.585388922379
49051	Wasatch	0
42005	Armstrong	0.719810002582
8093	Park	0
49055	Wayne	0
49057	Weber	0.5375555554
8099	Prowers	0.589222772026
8101	Pueblo	0.521965290406
21167	Mercer	0
8105	Rio Grande	0
8107	Routt	0.557404042108
13311	White	0.637455475893
8113	San Miguel	0
8117	Summit	0.631290485715
8123	Weld	0.597541281021
8125	Yuma	0
24510	Baltimore	0.546956768959
30031	Gallatin	0.571797618283
19111	Lee	0.434805858606
13093	Dooly	0
-1		0.589449539843
1075		0
2013		0
2016		0
2020		0
2050		0
2060		0
2068		0
2070		0
2090		0
2100		0
2110		0
2122		0
2130		0
2150		0
2164		0
2170		0
2180		0
2185		0
2188		0
2201		0
2220		0
2232		0
2240		0
2261		0
2270		0
2280		0
2282		0
2290		0
5087		0
5129		0
5141		0
5149		0
6003		0
6049		0
6091		0
6105		0
8009		0
8014		0
8023		0
8025		0
8033		0
8039		0
8053		0
8057		0
8065		0
8079		0
8095		0
8103		0
8109		0
8111		0
8115		0
8119		0
8121		0
12029		0
13003		0
13007		0
13173		0
13249		0
13307		0
15001		0
15003		0
15007		0
15009		0
16003		0
16009		0
16015		0
16017		0
16021		0
16023		0
16025		0
16029		0
16031		0
16033		0
16035		0
16037		0
16051		0
16059		0
16061		0
16063		0
16071		0
16073		0
17009		0
17013		0
17065		0
17069		0
17071		0
17079		0
17087		0
17123		0
17151		0
17153		0
17155		0
18007		0
18115		0
19003		0
19043		0
19089		0
19101		0
19131		0
19143		0
19151		0
19177		0
20013		0
20019		0
20023		0
20025		0
20039		0
20049		0
20063		0
20065		0
20069		0
20071		0
20077		0
20081		0
20083		0
20101		0
20109		0
20119		0
20129		0
20131		0
20135		0
20141		0
20147		0
20153		0
20187		0
20195		0
20197		0
20203		0
20207		0
21031		0
21055		0
21057		0
21063		0
21077		0
21139		0
21189		0
21201		0
21233		0
22035		0
22107		0
23021		0
26001		0
26051		0
26071		0
26083		0
26131		0
26135		0
27029		0
27031		0
27033		0
27069		0
27071		0
27075		0
27077		0
27087		0
27101		0
27107		0
27121		0
27125		0
27135		0
27153		0
28009		0
28037		0
28055		0
28119		0
28147		0
28157		0
29017		0
29025		0
29041		0
29045		0
29067		0
29073		0
29075		0
29085		0
29103		0
29123		0
29129		0
29131		0
29135		0
29137		0
29149		0
29153		0
29171		0
29177		0
29185		0
29197		0
29199		0
29211		0
29227		0
30005		0
30007		0
30011		0
30015		0
30019		0
30021		0
30025		0
30027		0
30033		0
30035		0
30037		0
30039		0
30041		0
30043		0
30047		0
30053		0
30055		0
30059		0
30061		0
30065		0
30067		0
30069		0
30071		0
30077		0
30079		0
30085		0
30091		0
30095		0
30099		0
30101		0
30103		0
30105		0
30107		0
30109		0
31005		0
31007		0
31009		0
31015		0
31031		0
31035		0
31039		0
31041		0
31049		0
31057		0
31059		0
31061		0
31069		0
31073		0
31075		0
31077		0
31085		0
31089		0
31091		0
31095		0
31103		0
31113		0
31115		0
31117		0
31123		0
31133		0
31135		0
31143		0
31149		0
31161		0
31163		0
31165		0
31169		0
31171		0
31175		0
31181		0
31183		0
32009		0
32011		0
32017		0
32021		0
35003		0
35011		0
35019		0
35021		0
35033		0
36049		0
37095		0
38001		0
38005		0
38009		0
38011		0
38013		0
38019		0
38023		0
38027		0
38029		0
38031		0
38033		0
38037		0
38039		0
38041		0
38043		0
38045		0
38047		0
38051		0
38055		0
38063		0
38065		0
38067		0
38069		0
38071		0
38075		0
38079		0
38081		0
38083		0
38087		0
38091		0
38095		0
38101		0
38103		0
40025		0
40043		0
40057		0
41023		0
41025		0
41063		0
41069		0
42113		0
46009		0
46017		0
46021		0
46025		0
46033		0
46039		0
46043		0
46045		0
46049		0
46051		0
46053		0
46057		0
46059		0
46061		0
46063		0
46067		0
46069		0
46071		0
46073		0
46077		0
46087		0
46089		0
46095		0
46097		0
46105		0
46111		0
46117		0
46119		0
46129		0
47049		0
47067		0
47137		0
48009		0
48011		0
48031		0
48033		0
48079		0
48081		0
48093		0
48095		0
48101		0
48103		0
48105		0
48109		0
48125		0
48137		0
48155		0
48195		0
48243		0
48263		0
48267		0
48269		0
48271		0
48285		0
48295		0
48301		0
48305		0
48307		0
48319		0
48333		0
48345		0
48359		0
48393		0
48399		0
48411		0
48413		0
48431		0
48433		0
48437		0
48443		0
48447		0
49007		0
49009		0
49015		0
49019		0
49025		0
49031		0
49033		0
51021		0
51049		0
51515		0
51530		0
51540		0
51570		0
51595		0
51600		0
51610		0
51640		0
51660		0
51678		0
51683		0
51685		0
51690		0
51720		0
51750		0
51770		0
51775		0
51840		0
53003		0
53017		0
53019		0
53023		0
53029		0
53031		0
53051		0
53055		0
53065		0
54013		0
54015		0
54095		0
55077		0
55078		0
55091		0
55103		0
55107		0
55125		0
55137		0
56007		0
56011		0
56019		0
56027		0
56035		0
56041		0
56043		0
56045		0
72001		0
72003		0
72005		0
72007		0
72009		0
72011		0
72013		0
72015		0
72017		0
72019		0
72021		0
72023		0
72025		0
72027		0
72029		0
72031		0
72033		0
72035		0
72037		0
72039		0
72041		0
72043		0
72045		0
72047		0
72049		0
72051		0
72053		0
72054		0
72055		0
72057		0
72059		0
72061		0
72063		0
72065		0
72067		0
72069		0
72071		0
72073		0
72075		0
72077		0
72079		0
72081		0
72083		0
72085		0
72087		0
72089		0
72091		0
72093		0
72095		0
72097		0
72099		0
72101		0
72103		0
72105		0
72107		0
72109		0
72111		0
72113		0
72115		0
72117		0
72119		0
72121		0
72123		0
72125		0
72127		0
72129		0
72131		0
72133		0
72135		0
72137		0
72139		0
72141		0
72143		0
72145		0
72147		0
72149		0
72151		0
72153		0
